Date,Opening_Stock,Delivered_In,Delivered_Out,Closing_Stock,Open_Tonnage,Cancelled_Tonnage
20251219,160400,2050,4700,157750,106000,51750
20251218,164275,1325,5200,160400,103950,56450
20251217,166925,250,2900,164275,102725,61550
20251216,166600,750,425,166925,102475,64450
20251215,165875,1525,800,166600,102200,64400
20251212,165900,625,650,165875,100475,65400
20251211,165850,700,650,165900,99900,66000
20251210,164975,1125,250,165850,99200,66650
20251209,165675,0,700,164975,99575,65400
20251208,164550,1200,75,165675,102575,63100
20251205,162550,2675,675,164550,101375,63175
20251204,162825,200,475,162550,98700,63850
20251203,162150,1000,325,162825,98500,64325
20251202,161800,500,150,162150,105275,56875
20251201,159425,2550,175,161800,155500,6300
20250530,149875,0,1425,148450,72525,75925
20250529,152375,200,2700,149875,75025,74850
20250528,154300,100,2025,152375,77925,74450
20250527,162150,300,8150,154300,83125,71175
20250523,164725,0,2575,162150,85800,76350
20250522,166525,0,1800,164725,92650,72075
20250521,168825,0,2300,166525,97875,68650
20250520,170750,300,2225,168825,102825,66000
20250519,174325,0,3575,170750,104300,66450
20250516,179375,100,5150,174325,106775,67550
20250515,184650,0,5275,179375,107475,71900
20250514,185575,0,925,184650,107925,76725
20250513,189650,0,4075,185575,107925,77650
20250512,190750,0,1100,189650,108375,81275
20250509,191775,0,1025,190750,108550,82200
20250508,194275,0,2500,191775,109150,82625
20250507,193975,2500,2200,194275,110250,84025
20250506,195625,0,1650,193975,107850,86125
20250502,197300,0,1675,195625,108675,86950
20250501,197700,0,400,197300,108725,88575
20250331,211375,4950,3050,213275,111850,101425
20250328,212925,500,2050,211375,106900,104475
20250327,215275,700,3050,212925,106400,106525
20250326,216750,700,2175,215275,111700,103575
20250325,219950,0,3200,216750,111000,105750
20250324,221775,1500,3325,219950,111900,108050
20250321,224600,850,3675,221775,110500,111275
20250320,223275,3850,2525,224600,117775,106825
20250319,225175,0,1900,223275,122125,101150
20250318,227700,0,2525,225175,122225,102950
20250317,230975,3000,6275,227700,122975,104725
20250314,233750,150,2925,230975,123150,107825
20250313,237200,150,3600,233750,123200,110550
20250312,240325,600,3725,237200,123050,114150
20250311,244175,0,3850,240325,134825,105500
20250310,253325,100,9250,244175,136300,107875
20250307,257325,0,4000,253325,147875,105450
20250306,259175,1625,3475,257325,148600,108725
20250305,260150,2700,3675,259175,149675,109500
20250304,261000,400,1250,260150,148300,111850
20250303,261050,0,50,261000,158175,102825
20250131,256225,625,1725,255125,232925,22200
20250130,256275,0,50,256225,232300,23925
20250129,256300,0,25,256275,232300,23975
20250128,256500,50,250,256300,232300,24000
20250127,255825,1100,425,256500,232275,24225
20250124,257625,0,1800,255825,231175,24650
20250123,259050,0,1425,257625,231175,26450
20250122,260400,100,1450,259050,232550,26500
20250121,260525,0,125,260400,233200,27200
20250120,260150,500,125,260525,241625,18900
20250117,260075,100,25,260150,241950,18200
20250116,260250,0,175,260075,241850,18225
20250115,260750,0,500,260250,242050,18200
20250114,261900,500,1650,260750,253675,7075
20250113,263450,0,1550,261900,253275,8625
20250110,264425,800,1775,263450,253525,9925
20250109,263950,2175,1700,264425,253225,11200
20250108,265700,0,1750,263950,251550,12400
20250107,267150,0,1450,265700,251550,14150
20250106,268650,0,1500,267150,251550,15600
20250103,269800,0,1150,268650,251750,16900
20250102,271350,0,1550,269800,252050,17750
20240930,300600,0,425,300175,268750,31425
20240927,302525,0,1925,300600,271500,29100
20240926,303050,500,1025,302525,275000,27525
20240925,303350,0,300,303050,275100,27950
20240924,301850,1700,200,303350,280400,22950
20240923,301700,700,550,301850,279650,22200
20240920,303350,0,1650,301700,279300,22400
20240919,304925,0,1575,303350,283800,19550
20240918,305250,0,325,304925,283800,21125
20240917,306500,0,1250,305250,285200,20050
20240916,308550,200,2250,306500,285200,21300
20240913,311525,1625,4600,308550,285075,23475
20240912,311650,1925,2050,311525,287900,23625
20240911,314950,625,3925,311650,287900,23750
20240910,316175,500,1725,314950,287275,27675
20240909,316450,1200,1475,316175,279575,36600
20240906,317575,500,1625,316450,279625,36825
20240905,317175,1500,1100,317575,290150,27425
20240904,318650,1000,2475,317175,288650,28525
20240903,317800,1000,150,318650,296800,21850
20240902,320650,500,3350,317800,295800,22000
20240830,320925,1000,1275,320650,295300,25350
20240829,322950,150,2175,320925,295825,25100
20240828,314250,11325,2625,322950,295825,27125
20240827,317175,1200,4125,314250,284500,29750
20240823,315575,2450,850,317175,283300,33875
20240822,319700,0,4125,315575,286150,29425
20240821,319625,2150,2075,319700,286150,33550
20240820,320050,0,425,319625,283175,36450
20240819,308075,13475,1500,320050,286650,33400
20240816,309050,225,1200,308075,280950,27125
20240815,307450,2500,900,309050,280725,28325
20240814,307425,125,100,307450,278275,29175
20240813,305625,2400,600,307425,279450,27975
20240812,296125,10500,1000,305625,278300,27325
20240809,296400,0,275,296125,268575,27550
20240808,294425,2350,375,296400,275950,20450
20240807,294750,0,325,294425,279225,15200
20240806,252575,42725,550,294750,279525,15225
20240805,251350,3200,1975,252575,236800,15775
20240802,246500,6325,1475,251350,233750,17600
20240801,245150,1500,150,246500,230425,16075
20240731,239275,7200,1325,245150,229025,16125
20240730,239400,1500,1625,239275,221975,17300
20240729,239100,1800,1500,239400,220925,18475
20240726,237750,3000,1650,239100,219125,19975
20240725,239425,0,1675,237750,216225,21525
20240724,241750,0,2325,239425,216225,23200
20240723,236700,5100,50,241750,217375,24375
20240722,234400,2350,50,236700,211425,25275
20240719,231425,3100,125,234400,212975,21425
20240718,227425,5050,1050,231425,216850,14575
20240716,216475,6200,1575,221100,205600,15500
20240715,210325,7925,1775,216475,203225,13250
20240712,206225,5600,1500,210325,195525,14800
20240711,206775,975,1525,206225,190500,15725
20240710,195475,12825,1525,206775,195425,11350
20240709,191025,5950,1500,195475,182825,12650
20240708,191475,1300,1750,191025,177175,13850
20240705,191625,1400,1550,191475,175875,15600
20240704,186275,6600,1250,191625,175975,15650
20240703,186450,0,175,186275,169375,16900
20240702,184475,2000,25,186450,169375,17075
20240701,180050,4500,75,184475,167425,17050
20240628,180125,0,75,180050,163025,17025
20240627,177750,2500,125,180125,171025,9100
20240626,175475,2300,25,177750,168525,9225
20240625,172850,2700,75,175475,167075,8400
20240624,167825,5100,75,172850,169850,3000
20240621,165175,2950,300,167825,164850,2975
20240620,161925,3300,50,165175,162800,2375
20240619,158700,3450,225,161925,159575,2350
20240618,155850,3225,375,158700,156125,2575
20240617,136675,19375,200,155850,152900,2950
20240614,133925,4050,1300,136675,133525,3150
20240613,132075,2175,325,133925,129275,4650
20240612,127425,4975,325,132075,127100,4975
20240611,127325,400,300,127425,122475,4950
20240610,125325,2200,200,127325,122200,5125
20240607,123800,1900,375,125325,120000,5325
20240606,122200,1950,350,123800,118150,5650
20240605,120000,2825,625,122200,117200,5000
20240604,118950,1450,400,120000,114375,5625
20240603,116000,3750,800,118950,113425,5525
20240531,116475,800,1275,116000,109975,6025
20240530,118125,0,1650,116475,109175,7300
20240529,117300,2000,1175,118125,108875,9250
20240528,114750,5250,2700,117300,106975,10325
20240524,112675,2700,625,114750,101825,12925
20240523,110025,3500,850,112675,99125,13550
20240522,110250,0,225,110025,96625,13400
20240521,108200,2500,450,110250,96625,13625
20240520,105900,2500,200,108200,94125,14075
20240517,103650,3000,750,105900,93600,12300
20240516,104425,500,1275,103650,92150,11500
20240515,104625,1200,1400,104425,92975,11450
20240514,104750,500,625,104625,91775,12850
20240513,103100,2050,400,104750,91625,13125
20240510,103450,400,750,103100,89575,13525
20240509,104375,0,925,103450,89475,13975
20240508,106000,175,1800,104375,89900,14475
20240507,107350,275,1625,106000,90125,15875
20240503,111300,175,4125,107350,90150,17200
20240502,115275,375,4350,111300,93425,17875
20240501,117375,0,2100,115275,93125,22150
20240430,116125,2750,1500,117375,94700,22675
20240429,117500,0,1375,116125,92500,23625
20240426,118550,1575,2625,117500,92500,25000
20240425,120400,700,2550,118550,90925,27625
20240424,120225,1075,900,120400,91950,28450
20240423,120600,1000,1375,120225,91600,28625
20240422,121200,0,600,120600,90600,30000
20240419,122125,0,925,121200,90600,30600
20240418,122925,300,1100,122125,90700,31425
20240417,123775,50,900,122925,90400,32525
20240416,123875,500,600,123775,105600,18175
20240415,123475,500,100,123875,105100,18775
20240412,124425,0,950,123475,104950,18525
20240411,124850,0,425,124425,106100,18325
20240410,123475,2100,725,124850,112625,12225
20240409,124225,700,1450,123475,112525,10950
20240408,114275,10900,950,124225,111825,12400
20240405,115525,0,1250,114275,100950,13325
20240404,112525,3725,725,115525,101300,14225
20240403,112975,350,800,112525,99000,13525
20240402,111925,1700,650,112975,98775,14200
20240328,112475,0,550,111925,97775,14150
20240327,113100,50,675,112475,97775,14700
20240326,117400,0,4300,113100,97725,15375
20240325,117900,0,500,117400,97725,19675
20240322,113850,5225,1175,117900,99250,18650
20240321,111325,3000,475,113850,94125,19725
20240320,112325,0,1000,111325,91125,20200
20240319,106700,6050,425,112325,91125,21200
20240318,106825,150,275,106700,85375,21325
20240315,107300,0,475,106825,86650,20175
20240314,108050,200,950,107300,93500,13800
20240313,108925,0,875,108050,93300,14750
20240312,110900,0,1975,108925,93300,15625
20240311,110850,200,150,110900,96625,14275
20240308,112800,0,1950,110850,101950,8900
20240307,113525,150,875,112800,101950,10850
20240306,113775,0,250,113525,101800,11725
20240305,114075,200,500,113775,102075,11700
20240304,116775,0,2700,114075,103025,11050
20240301,121375,0,4600,116775,103050,13725
20240229,122675,0,1300,121375,103825,17550
20240228,124825,200,2350,122675,105700,16975
20240227,126525,0,1700,124825,105700,19125
20240226,127825,1000,2300,126525,106150,20375
20240223,122900,5875,950,127825,105250,22575
20240222,122775,1025,900,122900,100875,22025
20240221,124075,0,1300,122775,101100,21675
20240220,125925,0,1850,124075,102400,21675
20240219,128300,0,2375,125925,103525,22400
20240216,130675,0,2375,128300,105150,23150
20240215,132525,0,1850,130675,107100,23575
20240214,133825,0,1300,132525,111100,21425
20240213,135450,0,1625,133825,113150,20675
20240212,136300,0,850,135450,113150,22300
20240209,136825,0,525,136300,114175,22125
20240208,136825,2000,2000,136825,114275,22550
20240207,137850,0,1025,136825,112275,24550
20240206,138800,1000,1950,137850,112625,25225
20240205,139425,0,625,138800,111725,27075
20240202,140225,0,800,139425,114800,24625
20240201,145425,0,5200,140225,115800,24425
20240131,146475,300,1350,145425,117900,27525
20240130,148475,0,2000,146475,117600,28875
20240129,150350,0,1875,148475,118225,30250
20240126,151350,0,1000,150350,119925,30425
20240125,155175,1000,4825,151350,122750,28600
20240124,157725,0,2550,155175,121750,33425
20240123,159575,75,1925,157725,121750,35975
20240122,156750,4325,1500,159575,125300,34275
20240119,157875,550,1675,156750,123250,33500
20240118,157325,750,200,157875,122800,35075
20240117,154075,3500,250,157325,130675,26650
20240116,154725,425,1075,154075,127275,26800
20240115,155025,0,300,154725,129025,25700
20240112,155825,1000,1800,155025,130450,24575
20240111,157325,0,1500,155825,136650,19175
20240110,158900,0,1575,157325,136650,20675
20240109,160550,0,1650,158900,137575,21325
20240108,161725,0,1175,160550,139575,20975
20240105,163175,0,1450,161725,140225,21500
20240104,164450,0,1275,163175,140225,22950
20240103,165700,0,1250,164450,140275,24175
20240102,165700,0,0,165700,140275,25425
20231229,167300,0,1600,165700,140325,25375
20231228,166775,2000,1475,167300,140325,26975
20231227,165050,2000,275,166775,138325,28450
20231222,166675,0,1625,165050,136400,28650
20231221,165450,3350,2125,166675,136400,30275
20231220,166675,975,2200,165450,133050,32400
20231219,168650,0,1975,166675,132075,34600
20231218,172450,200,4000,168650,132075,36575
20231215,175550,250,3350,172450,134650,37800
20231214,178075,100,2625,175550,134400,41150
20231213,179550,0,1475,178075,134450,43625
20231212,180175,950,1575,179550,135200,44350
20231211,182200,25,2050,180175,134250,45925
20231208,181600,2250,1650,182200,134225,47975
20231207,182750,0,1150,181600,132275,49325
20231206,182075,1800,1125,182750,142375,40375
20231205,180550,2900,1375,182075,147300,34775
20231204,174900,7000,1350,180550,147175,33375
20231201,174250,2000,1350,174900,140775,34125
20231130,175250,100,1100,174250,139725,34525
20231129,174950,1350,1050,175250,146075,29175
20231128,176400,875,2325,174950,147150,27800
20231127,177800,150,1550,176400,154325,22075
20231124,178525,0,725,177800,161225,16575
20231123,178500,1075,1050,178525,162550,15975
20231122,179050,0,550,178500,164075,14425
20231121,179025,325,300,179050,164500,14550
20231120,179975,0,950,179025,164400,14625
20231117,181275,325,1625,179975,164400,15575
20231116,181950,700,1375,181275,170400,10875
20231115,184250,375,2675,181950,169700,12250
20231114,179325,6575,1650,184250,174875,9375
20231113,179925,250,850,179325,168300,11025
20231110,180000,375,450,179925,167550,12375
20231109,177225,3225,450,180000,169675,10325
20231108,178125,0,900,177225,166575,10650
20231107,178750,1025,1650,178125,167150,10975
20231106,180250,1750,3250,178750,166625,12125
20231103,180600,650,1000,180250,166750,13500
20231102,170825,11700,1925,180600,166725,13875
20231101,174400,250,3825,170825,158325,12500
20231031,176475,200,2275,174400,157100,17300
20231030,178400,0,1925,176475,158375,18100
20231027,180600,0,2200,178400,158550,19850
20231026,182900,875,3175,180600,161800,18800
20231025,185175,200,2475,182900,160925,21975
20231024,187475,750,3050,185175,161075,24100
20231023,190450,1000,3975,187475,160525,26950
20231020,191925,500,1975,190450,160525,29925
20231019,191850,725,650,191925,161525,30400
20231018,191675,1400,1225,191850,160925,30925
20231017,180675,11125,125,191675,162500,29175
20231016,181000,0,325,180675,166100,14575
20231013,180900,225,125,181000,166200,14800
20231012,181150,0,250,180900,168475,12425
20231011,179675,1500,25,181150,175100,6050
20231010,171525,8150,0,179675,177125,2550
20231009,170475,1100,50,171525,168975,2550
20231006,170175,325,25,170475,167875,2600
20231005,169900,775,500,170175,167550,2625
20231004,168425,1525,50,169900,167025,2875
20231003,168600,1125,1300,168425,167600,825
20231002,169300,250,950,168600,166475,2125
20230929,167825,1500,25,169300,166275,3025
20230928,167825,0,0,167825,164775,3050
20230927,167850,0,25,167825,166275,1550
20230926,166850,1000,0,167850,166275,1575
20230925,163900,3050,100,166850,165275,1575
20230922,162900,1000,0,163900,163575,325
20230921,162900,0,0,162900,162575,325
20230920,155700,7200,0,162900,162575,325
20230919,149600,6100,0,155700,155475,225
20230918,147575,2025,0,149600,149375,225
20230915,143375,4300,100,147575,147350,225
20230914,143375,0,0,143375,143100,275
20230913,143400,0,25,143375,143100,275
20230912,135650,7750,0,143400,143100,300
20230911,134525,1125,0,135650,135350,300
20230908,134125,400,0,134525,134225,300
20230907,133850,275,0,134125,133825,300
20230906,110400,23475,25,133850,133650,200
20230905,107400,3000,0,110400,110175,225
20230904,107425,0,25,107400,107175,225
20230901,104275,3150,0,107425,107175,250
20230831,102900,1375,0,104275,104025,250
20230830,99225,3675,0,102900,102650,250
20230829,97650,1600,25,99225,98975,250
20230825,97525,200,75,97650,97375,275
20230824,96625,1000,100,97525,97175,350
20230823,95425,1200,0,96625,96175,450
20230822,95425,0,0,95425,94975,450
20230821,95325,225,125,95425,94975,450
20230818,92200,3125,0,95325,94750,575
20230817,91400,800,0,92200,91675,525
20230816,90875,525,0,91400,90875,525
20230815,90150,725,0,90875,90400,475
20230814,85375,4800,25,90150,89825,325
20230811,84900,475,0,85375,85025,350
20230810,83000,1900,0,84900,84550,350
20230809,81000,2000,0,83000,82650,350
20230808,80300,700,0,81000,80650,350
20230807,79325,1000,25,80300,79950,350
20230804,79325,0,0,79325,78950,375
20230803,76875,2525,75,79325,78950,375
20230802,75275,1600,0,76875,76425,450
20230801,74175,1200,100,75275,74925,350
20230731,68350,5825,0,74175,73725,450
20230728,64425,3925,0,68350,67900,450
20230727,62250,2225,50,64425,63975,450
20230726,60700,1575,25,62250,61750,500
20230725,60775,0,75,60700,60300,400
20230724,60225,1400,850,60775,60300,475
20230721,59900,2150,1825,60225,58900,1325
20230720,58800,1875,775,59900,56750,3150
20230719,59325,300,825,58800,54975,3825
20230718,59200,4000,3875,59325,54675,4650
20230717,59175,100,75,59200,50675,8525
20230714,57175,3525,1525,59175,50575,8600
20230713,54225,4025,1575,57175,47550,9625
20230712,54450,1700,1925,54225,43075,11150
20230711,57075,900,3525,54450,41375,13075
20230710,59425,975,3325,57075,40475,16600
20230707,62975,0,3550,59425,39500,19925
20230706,65175,250,2450,62975,39500,23475
20230705,67200,1000,3025,65175,39350,25825
20230704,66775,2550,2125,67200,38450,28750
20230703,69700,1525,4450,66775,35900,30875
20230630,72975,500,3775,69700,34575,35125
20230629,75425,350,2800,72975,34100,38875
20230628,75275,1175,1025,75425,33750,41675
20230627,77050,675,2450,75275,32575,42700
20230626,80100,3175,6225,77050,31900,45150
20230623,79300,1000,200,80100,25725,54375
20230622,80400,0,1100,79300,30125,49175
20230621,84725,25,4350,80400,30125,50275
20230620,86325,900,2500,84725,49300,35425
20230619,88425,2700,4800,86325,53425,32900
20230616,90625,1300,3500,88425,55725,32700
20230615,79525,16350,5250,90625,56425,34200
20230614,84250,500,5225,79525,42575,36950
20230613,89300,700,5750,84250,42075,42175
20230612,95400,725,6825,89300,41375,47925
20230609,97650,775,3025,95400,41650,53750
20230608,99450,900,2700,97650,43575,54075
20230607,100100,775,1425,99450,44525,54925
20230606,99825,775,500,100100,43750,56350
20230605,98950,875,0,99825,57450,42375
20230602,98675,275,0,98950,71575,27375
20230601,99525,250,1100,98675,89325,9350
20230531,99150,1350,975,99525,90075,9450
20230530,99700,275,825,99150,88725,10425
20230526,97725,1975,0,99700,88450,11250
20230525,96950,775,0,97725,89575,8150
20230524,96675,275,0,96950,96600,350
20230523,95025,1750,100,96675,96350,325
20230522,92250,2775,0,95025,94600,425
20230519,91975,275,0,92250,92025,225
20230518,90525,1550,100,91975,91850,125
20230517,86625,3900,0,90525,90300,225
20230516,83825,2800,0,86625,86400,225
20230515,76875,7050,100,83825,83700,125
20230512,76625,250,0,76875,76650,225
20230511,75950,775,100,76625,76400,225
20230510,75375,575,0,75950,75725,225
20230509,71675,4050,350,75375,75150,225
20230505,70425,1250,0,71675,70550,1125
20230504,67775,2875,225,70425,69400,1025
20230503,67300,675,200,67775,66550,1225
20230502,66350,1000,50,67300,65875,1425
20230428,64550,1800,0,66350,64875,1475
20230427,62675,2150,275,64550,63075,1475
20230426,61825,1150,300,62675,60925,1750
20230425,60775,2750,1700,61825,59775,2050
20230424,53875,7000,100,60775,57025,3750
20230421,51875,2000,0,53875,50025,3850
20230420,51850,2200,2175,51875,48075,3800
20230419,51175,1500,825,51850,45875,5975
20230418,53050,0,1875,51175,44375,6800
20230417,51775,2500,1225,53050,44375,8675
20230414,51550,2825,2600,51775,41875,9900
20230413,54425,200,3075,51550,39050,12500
20230412,56800,1000,3375,54425,38850,15575
20230411,62275,2500,7975,56800,38550,18250
20230406,65425,0,3150,62275,36150,26125
20230405,65250,1800,1625,65425,36150,29275
20230404,66100,0,850,65250,34350,30900
20230403,63850,2500,250,66100,40350,25750
20230331,64725,2900,3775,63850,45350,18500
20230330,69525,1000,5800,64725,49950,14775
20230329,68075,4825,3375,69525,48950,20575
20230328,68400,25,350,68075,44125,23950
20230327,70600,2225,4425,68400,44100,24300
20230324,72675,1500,3575,70600,41875,28725
20230323,73475,0,800,72675,40375,32300
20230322,74600,2000,3125,73475,40375,33100
20230321,76400,2375,4175,74600,38375,36225
20230320,76925,2000,2525,76400,43500,32900
20230317,74700,3825,1600,76925,49000,27925
20230316,74975,1150,1425,74700,52675,22025
20230315,73400,2000,425,74975,51525,23450
20230314,70175,4025,800,73400,49525,23875
20230313,71300,500,1625,70175,45500,24675
20230310,71725,1100,1525,71300,45000,26300
20230309,72375,2000,2650,71725,43900,27825
20230308,73350,1000,1975,72375,46900,25475
20230307,74375,2000,3025,73350,50900,22450
20230306,72400,3000,1025,74375,53900,20475
20230303,70550,2600,750,72400,50900,21500
20230302,64225,7500,1175,70550,48300,22250
20230301,63200,3500,2475,64225,40800,23425
20230228,64100,0,900,63200,37300,25900
20230227,64275,0,175,64100,39825,24275
20230224,63775,1300,800,64275,44825,19450
20230223,65000,175,1400,63775,48525,15250
20230222,65425,500,925,65000,48350,16650
20230221,65225,850,650,65425,47850,17575
20230220,65500,200,475,65225,47000,18225
20230217,64825,800,125,65500,51800,13700
20230216,64975,300,450,64825,56000,8825
20230215,65975,0,1000,64975,55700,9275
20230214,63800,3000,825,65975,55700,10275
20230213,62575,2400,1175,63800,52700,11100
20230210,63100,100,625,62575,54800,7775
20230209,64475,0,1375,63100,56850,6250
20230208,65100,1000,1625,64475,56850,7625
20230207,66475,0,1375,65100,55850,9250
20230206,67450,200,1175,66475,55850,10625
20230203,70000,225,2775,67450,55375,12075
20230202,72450,0,2450,70000,55150,14850
20230201,74375,200,2125,72450,55150,17300
20230131,75225,800,1650,74375,54950,19425
20230130,76100,0,875,75225,54150,21075
20230127,73975,3800,1675,76100,54375,21725
20230126,75900,1025,2950,73975,50575,23400
20230125,77100,0,1200,75900,49550,26350
20230124,78150,100,1150,77100,49550,27550
20230123,78300,850,1000,78150,49450,28700
20230120,80025,0,1725,78300,49200,29100
20230119,81600,825,2400,80025,49200,30825
20230118,81925,800,1125,81600,51375,30225
20230117,83325,0,1400,81925,53575,28350
20230116,83600,0,275,83325,57325,26000
20230113,83850,0,250,83600,60975,22625
20230112,84550,25,725,83850,64650,19200
20230111,84800,150,400,84550,67000,17550
20230110,84775,1000,975,84800,68850,15950
20230109,85150,100,475,84775,69850,14925
20230106,86400,100,1350,85150,71850,13300
20230105,87775,0,1375,86400,73900,12500
20230104,88575,0,800,87775,75900,11875
20230103,88550,650,625,88575,77900,10675
20221230,88925,0,375,88550,77075,11475
20221229,86025,3525,625,88925,77075,11850
20221228,81400,5000,375,86025,73550,12475
20221223,81475,475,550,81400,68725,12675
20221222,81100,2075,1700,81475,68250,13225
20221221,81350,1625,1875,81100,66175,14925
20221220,82600,450,1700,81350,64550,16800
20221219,83575,250,1225,82600,64100,18500
20221216,84100,425,950,83575,64925,18650
20221215,83725,1500,1125,84100,64475,19625
20221214,85525,950,2750,83725,62975,20750
20221213,81875,5075,1425,85525,62800,22725
20221212,84300,100,2525,81875,57725,24150
20221209,85425,0,1125,84300,57625,26675
20221208,87375,0,1950,85425,58625,26800
20221207,88475,0,1100,87375,58625,28750
20221206,86375,2825,725,88475,64850,23625
20221205,86725,1075,1425,86375,67025,19350
20221202,87450,250,975,86725,67625,19100
20221201,88275,0,825,87450,67625,19825
20221130,89700,0,1425,88275,67875,20400
20221129,90900,0,1200,89700,70575,19125
20221128,91200,125,425,90900,71775,19125
20221125,90750,550,100,91200,76650,14550
20221124,90150,1200,600,90750,77225,13525
20221123,91525,100,1475,90150,76025,14125
20221122,91875,525,875,91525,76125,15400
20221121,91250,1000,375,91875,73200,18675
20221118,89750,2300,800,91250,72200,19050
20221117,89925,750,925,89750,69900,19850
20221116,89675,1225,975,89925,70275,19650
20221115,89975,1350,1650,89675,69050,20625
20221114,86800,5600,2425,89975,67800,22175
20221111,77875,10275,1350,86800,62200,24600
20221110,80025,200,2350,77875,39025,38850
20221109,80975,0,950,80025,38825,41200
20221108,83075,100,2200,80975,39125,41850
20221107,84550,0,1475,83075,45500,37575
20221104,88600,200,4250,84550,45500,39050
20221103,93975,0,5375,88600,42550,46050
20221102,102225,0,8250,93975,42850,51125
20221101,106425,125,4325,102225,42850,59375
20221031,113125,900,7600,106425,43650,62775
20221028,119375,450,6700,113125,42750,70375
20221027,125825,150,6600,119375,42300,77075
20221026,130800,725,5700,125825,42525,83300
20221025,134400,475,4075,130800,57075,73725
20221024,134700,875,1175,134400,58000,76400
20221021,137325,1025,3650,134700,62325,72375
20221020,136700,3425,2800,137325,68975,68350
20221019,139000,1125,3425,136700,74075,62625
20221018,143825,1875,6700,139000,72950,66050
20221017,142950,3100,2225,143825,75375,68450
20221014,145650,0,2700,142950,88575,54375
20221013,145400,675,425,145650,98850,46800
20221012,145525,125,250,145400,110125,35275
20221011,145750,175,400,145525,119050,26475
20221010,143775,2000,25,145750,128450,17300
20221007,143775,275,275,143775,131700,12075
20221006,140200,3600,25,143775,136900,6875
20221005,138650,1800,250,140200,133300,6900
20221004,136750,2250,350,138650,131500,7150
20221003,135750,1200,200,136750,129050,7700
20220930,135250,700,200,135750,127850,7900
20220929,134900,625,275,135250,127150,8100
20220928,133550,1550,200,134900,126525,8375
20220927,130850,2850,150,133550,124875,8675
20220926,129000,1850,0,130850,122050,8800
20220923,124725,4325,50,129000,120200,8800
20220922,122775,2175,225,124725,115875,8850
20220921,118000,5075,300,122775,113700,9075
20220920,107150,11200,350,118000,106125,11875
20220919,105075,2350,275,107150,94925,12225
20220916,102000,3450,375,105075,92575,12500
20220915,103225,300,1525,102000,89125,12875
20220914,103025,1425,1225,103225,88825,14400
20220913,103650,1100,1725,103025,78450,24575
20220912,105425,1200,2975,103650,77350,26300
20220909,105450,1550,1575,105425,76150,29275
20220908,102725,6825,4100,105450,74600,30850
20220907,103300,1750,2325,102725,67775,34950
20220906,106000,0,2700,103300,66025,37275
20220905,108450,0,2450,106000,66025,39975
20220902,110550,2625,4725,108450,66025,42425
20220901,114325,1600,5375,110550,63400,47150
20220831,118500,0,4175,114325,61800,52525
20220830,121000,1075,3575,118500,61800,56700
20220826,120525,2000,1525,121000,60800,60200
20220825,122125,0,1600,120525,62600,57925
20220824,123275,0,1150,122125,69750,52375
20220823,122375,3425,2525,123275,72750,50525
20220822,122575,1875,2075,122375,72250,50125
20220819,123825,100,1350,122575,73450,49125
20220818,126475,0,2650,123825,81925,41900
20220817,128875,0,2400,126475,89625,36850
20220816,129475,125,725,128875,89225,39650
20220815,130550,0,1075,129475,89100,40375
20220812,131850,225,1525,130550,89100,41450
20220811,131575,1000,725,131850,88875,42975
20220810,126525,6025,975,131575,91975,39600
20220809,126975,50,500,126525,91050,35475
20220808,127850,50,925,126975,91000,35975
20220805,128600,0,750,127850,93450,34400
20220804,129575,150,1125,128600,93900,34700
20220803,130250,150,825,129575,98750,30825
20220802,130975,200,925,130250,102525,27725
20220801,131275,300,600,130975,107975,23000
20220729,130575,1700,1000,131275,107675,23600
20220728,131700,75,1200,130575,105975,24600
20220727,132500,100,900,131700,106725,24975
20220726,132025,925,450,132500,108225,24275
20220725,133175,400,1550,132025,107300,24725
20220722,133925,25,775,133175,107125,26050
20220721,133550,1550,1175,133925,107100,26825
20220720,135575,0,2025,133550,106150,27400
20220719,136200,300,925,135575,106825,28750
20220718,130275,6425,500,136200,113575,22625
20220715,130425,0,150,130275,109900,20375
20220714,129250,1625,450,130425,111900,18525
20220713,130975,0,1725,129250,111275,17975
20220712,131775,1775,2575,130975,113150,17825
20220711,133100,350,1675,131775,113375,18400
20220708,133025,1475,1400,133100,115025,18075
20220707,135350,0,2325,133025,115550,17475
20220706,135775,650,1075,135350,117725,17625
20220705,136400,0,625,135775,119200,16575
20220704,136950,0,550,136400,121200,15200
20220701,126850,10175,75,136950,121200,15750
20220630,124275,4175,1600,126850,115325,11525
20220629,123825,1050,600,124275,111100,13175
20220628,124625,900,1700,123825,110050,13775
20220627,124850,0,225,124625,109150,15475
20220624,113025,13075,1250,124850,109350,15500
20220623,113475,0,450,113025,96275,16750
20220622,114175,25,725,113475,96275,17200
20220621,115150,0,975,114175,96650,17525
20220620,117025,850,2725,115150,101650,13500
20220617,118025,0,1000,117025,100800,16225
20220616,121000,0,2975,118025,100800,17225
20220615,121525,0,525,121000,100800,20200
20220614,119875,2325,675,121525,100800,20725
20220613,117975,2675,775,119875,98575,21300
20220610,117750,1525,1300,117975,95900,22075
20220609,118175,500,925,117750,94375,23375
20220608,116900,5800,4525,118175,94825,23350
20220607,120775,0,3875,116900,91525,25375
20220606,140975,100,20300,120775,91925,28850
20220601,145950,600,5575,140975,93125,47850
20220531,149200,1300,4550,145950,96300,49650
20220530,154650,1700,7150,149200,95000,54200
20220527,156175,1450,2975,154650,93300,61350
20220526,162425,0,6250,156175,93250,62925
20220525,168150,0,5725,162425,94250,68175
20220524,170650,1575,4075,168150,94250,73900
20220523,171075,1725,2150,170650,92675,77975
20220520,174600,250,3775,171075,90950,80125
20220519,178550,1250,5200,174600,93175,81425
20220518,180925,525,2900,178550,97350,81200
20220517,176575,5850,1500,180925,101825,79100
20220516,176550,1600,1575,176575,98700,77875
20220513,177000,2050,2500,176550,102075,74475
20220512,176875,2975,2850,177000,104975,72025
20220511,175875,1875,875,176875,109575,67300
20220510,167825,9725,1675,175875,115275,60600
20220509,169175,2775,4125,167825,113650,54175
20220506,170025,1050,1900,169175,115800,53375
20220505,168800,1975,750,170025,119775,50250
20220504,154475,15475,1150,168800,117800,51000
20220503,156225,500,2250,154475,102325,52150
20220429,156050,625,450,156225,102325,53900
20220428,150850,6000,800,156050,102025,54025
20220427,148500,2000,200,150850,102100,48750
20220426,135175,13750,425,148500,104550,43950
20220425,137275,0,2100,135175,96075,39100
20220422,137775,100,600,137275,96175,41100
20220421,130500,7950,675,137775,96075,41700
20220420,128775,2500,775,130500,88125,42375
20220419,118825,12275,2325,128775,86275,42500
20220414,110675,9775,1625,118825,72500,46325
20220413,107000,5250,1575,110675,67300,43375
20220412,104350,4025,1375,107000,62050,44950
20220411,105600,100,1350,104350,58025,46325
20220408,103775,3975,2150,105600,60425,45175
20220407,101275,5475,2975,103775,56750,47025
20220406,94925,7500,1150,101275,51275,50000
20220405,95975,0,1050,94925,54925,40000
20220404,94800,1400,225,95975,64925,31050
20220401,93975,1000,175,94800,69850,24950
20220331,91400,3675,1100,93975,69875,24100
20220330,87925,3525,50,91400,66200,25200
20220329,81500,6600,175,87925,67825,20100
20220328,80550,1025,75,81500,61225,20275
20220325,80600,100,150,80550,60200,20350
20220324,80675,100,175,80600,63150,17450
20220323,79975,1850,1150,80675,66825,13850
20220322,80100,0,125,79975,64975,15000
20220321,80150,1000,1050,80100,64975,15125
20220318,79500,725,75,80150,63975,16175
20220317,77600,2000,100,79500,56000,23500
20220316,77475,175,50,77600,58850,18750
20220315,77525,100,150,77475,58725,18750
20220314,78000,0,475,77525,59125,18400
20220311,74200,3900,100,78000,59250,18750
20220310,71900,2825,525,74200,55350,18850
20220309,71875,100,75,71900,52525,19375
20220308,69600,2550,275,71875,59675,12200
20220307,70250,400,1050,69600,58375,11225
20220304,69825,625,200,70250,61600,8650
20220303,71375,200,1750,69825,60975,8850
20220302,72075,600,1300,71375,60775,10600
20220301,72875,1300,2100,72075,60175,11900
20220228,73025,0,150,72875,58875,14000
20220225,74875,650,2500,73025,58875,14150
20220224,74750,300,175,74875,58225,16650
20220223,74325,800,375,74750,57925,16825
20220222,74475,0,150,74325,57125,17200
20220221,74375,200,100,74475,57125,17350
20220218,74075,650,350,74375,56925,17450
20220217,74275,700,900,74075,56275,17800
20220216,75275,525,1525,74275,55575,18700
20220215,70125,6075,925,75275,55850,19425
20220214,72225,1075,3175,70125,51025,19100
20220211,74100,700,2575,72225,54125,18100
20220210,76325,100,2325,74100,53425,20675
20220209,77325,1650,2650,76325,53425,22900
20220208,79925,625,3225,77325,51775,25550
20220207,80025,1400,1500,79925,53600,26325
20220204,82225,725,2925,80025,54700,25325
20220203,82400,2500,2675,82225,56575,25650
20220202,84875,0,2475,82400,56775,25625
20220201,86500,0,1625,84875,57450,27425
20220131,87650,750,1900,86500,60075,26425
20220128,90125,50,2525,87650,61825,25825
20220127,91350,1025,2250,90125,64275,25850
20220126,93250,0,1900,91350,65750,25600
20220125,96675,0,3425,93250,68250,25000
20220124,97575,875,1775,96675,70975,25700
20220121,99775,150,2350,97575,73375,24200
20220120,98725,1600,550,99775,80475,19300
20220119,98750,100,125,98725,81375,17350
20220118,94525,4250,25,98750,83825,14925
20220117,92850,2000,325,94525,82425,12100
20220114,86300,7050,500,92850,82925,9925
20220113,83800,2875,375,86300,78375,7925
20220112,83850,200,250,83800,78000,5800
20220111,83925,325,400,83850,80300,3550
20220110,84025,50,150,83925,79975,3950
20220107,84775,0,750,84025,79925,4100
20220106,85950,0,1175,84775,80525,4250
20220105,86950,0,1000,85950,80525,5425
20220104,88725,0,1775,86950,80625,6325
20211231,88950,0,225,88725,81400,7325
20211230,89375,0,425,88950,81400,7550
20211229,89100,775,500,89375,81700,7675
20211224,89275,150,325,89100,80925,8175
20211223,89125,500,350,89275,81075,8200
20211222,89400,0,275,89125,81375,7750
20211221,89925,0,525,89400,81375,8025
20211220,89000,1425,500,89925,81425,8500
20211217,89150,300,450,89000,80000,9000
20211216,89475,0,325,89150,80550,8600
20211215,88650,1150,325,89475,81050,8425
20211214,87375,1400,125,88650,80750,7900
20211213,84450,3050,125,87375,82850,4525
20211210,81775,2725,50,84450,80350,4100
20211209,77925,4025,175,81775,78300,3475
20211208,75175,3325,575,77925,76250,1675
20211207,74225,1775,825,75175,72975,2200
20211206,77875,1500,5150,74225,71300,2925
20211203,78350,0,475,77875,70275,7600
20211202,78225,625,500,78350,70275,8075
20211201,78625,1950,2350,78225,69650,8575
20211130,76450,2500,325,78625,68600,10025
20211129,80075,1575,5200,76450,66100,10350
20211126,83800,750,4475,80075,64725,15350
20211125,82600,1500,300,83800,64450,19350
20211124,82225,775,400,82600,62950,19650
20211123,81600,900,275,82225,62225,20000
20211122,86525,800,5725,81600,62775,18825
20211119,89875,675,4025,86525,62350,24175
20211118,97600,250,7975,89875,62575,27300
20211117,99450,375,2225,97600,62425,35175
20211116,93925,8925,3400,99450,62100,37350
20211115,95700,2800,4575,93925,53175,40750
20211112,100300,400,5000,95700,50300,45400
20211111,104175,2225,6100,100300,49900,50400
20211110,106125,1525,3475,104175,47675,56500
20211109,109550,1400,4825,106125,46150,59975
20211108,115525,1300,7275,109550,44750,64800
20211105,122600,2575,9650,115525,43450,72075
20211104,123400,2425,3225,122600,40875,81725
20211103,126475,925,4000,123400,38450,84950
20211102,123925,5850,3300,126475,37525,88950
20211101,131300,200,7575,123925,31675,92250
20211029,140175,0,8875,131300,31475,99825
20211028,143650,1150,4625,140175,31475,108700
20211027,153675,850,10875,143650,30300,113350
20211026,155150,2550,4025,153675,29650,124025
20211025,159800,3800,8450,155150,27100,128050
20211022,161550,1450,3200,159800,23300,136500
20211021,165925,1000,5375,161550,21850,139700
20211020,172025,1525,7625,165925,18250,147675
20211019,178225,2025,8225,172025,17875,154150
20211018,181375,1075,4225,178225,15225,163000
20211015,181400,5150,5175,181375,21050,160325
20211014,187050,300,5950,181400,14150,167250
20211013,191600,0,4550,187050,46850,140200
20211012,195250,850,4500,191600,56850,134750
20211011,197650,0,2400,195250,65500,129750
20211008,199250,0,1600,197650,75875,121775
20211007,200575,3525,4850,199250,85875,113375
20211006,202500,2500,4425,200575,82850,117725
20211005,212125,475,10100,202500,90725,111775
20211004,216725,0,4600,212125,100250,111875
20211001,217175,6050,6500,216725,110250,106475
20210930,219525,0,2350,217175,114200,102975
20210929,220875,0,1350,219525,124200,95325
20210928,226625,0,5750,220875,124200,96675
20210927,223175,7500,4050,226625,125275,101350
20210924,226175,0,3000,223175,123350,99825
20210923,226025,2500,2350,226175,137175,89000
20210922,229725,0,3700,226025,142225,83800
20210921,231075,800,2150,229725,168075,61650
20210920,239500,0,8425,231075,167275,63800
20210917,240800,1025,2325,239500,167325,72175
20210916,231200,12225,2625,240800,166650,74150
20210915,234000,0,2800,231200,154475,76725
20210914,235950,500,2450,234000,155325,78675
20210913,240350,2000,6400,235950,154825,81125
20210910,233950,10325,3925,240350,153675,86675
20210909,233950,6000,6000,233950,148775,85175
20210908,237700,725,4475,233950,142700,91250
20210907,242550,0,4850,237700,151975,85725
20210906,250700,0,8150,242550,152475,90075
20210903,252225,0,1525,250700,152475,98225
20210902,252400,0,175,252225,152475,99750
20210901,252725,500,825,252400,152975,99425
20210831,253000,0,275,252725,152475,100250
20210827,254250,0,1250,253000,154050,98950
20210826,254300,0,50,254250,154075,100175
20210825,254300,0,0,254300,169800,84500
20210824,254775,0,475,254300,178125,76175
20210823,254800,0,25,254775,188750,66025
20210820,251450,0,150,254800,197750,57050
20210819,245125,6425,100,251450,238725,12725
20210818,245125,0,0,245125,232500,12625
20210817,236325,8875,75,245125,232500,12625
20210816,235550,800,25,236325,223150,13175
20210813,235650,0,100,235550,222450,13100
20210812,235775,0,125,235650,222600,13050
20210811,235925,0,150,235775,222700,13075
20210810,236100,600,775,235925,222825,13100
20210809,234925,2000,825,236100,222225,13875
20210806,235250,350,675,234925,220225,14700
20210805,236100,0,850,235250,219950,15300
20210804,237025,0,925,236100,220150,15950
20210803,238000,0,975,237025,220150,16875
20210802,238650,500,1150,238000,220350,17650
20210730,239650,0,1000,238650,219850,18800
20210729,235175,5200,725,239650,219850,19800
20210728,230225,5025,75,235175,215725,19450
20210727,225225,5000,0,230225,209450,20775
20210726,225225,0,0,225225,204450,20775
20210723,224750,500,25,225225,205800,19425
20210722,224250,600,100,224750,206550,18200
20210721,224400,0,150,224250,210775,13475
20210720,225650,0,1250,224400,212700,11700
20210719,226300,500,1150,225650,212725,12925
20210716,224175,3175,1050,226300,212225,14075
20210715,222625,2700,1150,224175,210125,14050
20210714,221800,2000,1175,222625,207575,15050
20210713,220575,2250,1025,221800,205775,16025
20210712,219175,2700,1300,220575,203575,17000
20210709,216800,3975,1600,219175,200875,18300
20210708,214575,2750,525,216800,196900,19900
20210707,214575,500,500,214575,194175,20400
20210706,212325,2700,450,214575,193675,20900
20210705,212475,0,150,212325,191725,20600
20210702,211950,600,75,212475,191725,20750
20210701,211975,0,25,211950,191075,20875
20210630,211525,500,50,211975,191175,20800
20210629,210350,1250,75,211525,198275,13250
20210628,210925,0,575,210350,197025,13325
20210625,210975,0,50,210925,198375,12550
20210624,192975,18675,675,210975,203875,7100
20210623,159800,33225,50,192975,185200,7775
20210622,160950,900,2050,159800,152125,7675
20210621,161050,0,100,160950,153700,7250
20210618,168675,0,7625,161050,156050,5000
20210617,143750,25150,225,168675,157250,11425
20210616,142625,1200,75,143750,132125,11625
20210615,140625,2200,200,142625,130925,11700
20210614,138300,2975,650,140625,128975,11650
20210611,132450,6550,700,138300,126000,12300
20210610,131775,2300,1625,132450,119450,13000
20210609,129675,2900,800,131775,117175,14600
20210608,127200,3050,575,129675,114275,15400
20210607,124700,2800,300,127200,111225,15975
20210604,124675,1500,1475,124700,108375,16325
20210603,125450,0,775,124675,106000,18675
20210602,123350,2500,400,125450,103475,21975
20210601,120700,3000,350,123350,100975,22375
20210528,122425,0,1725,120700,97975,22725
20210527,123750,0,1325,122425,98025,24400
20210526,124700,0,950,123750,98025,25725
20210525,125925,0,1225,124700,98025,26675
20210524,125825,100,0,125925,98050,27875
20210521,126675,0,850,125825,97950,27875
20210520,117300,10000,625,126675,98325,28350
20210519,117075,1500,1275,117300,88325,28975
20210518,119025,0,1950,117075,86825,30250
20210517,119875,0,850,119025,84225,34800
20210514,121250,100,1475,119875,84375,35500
20210513,112150,10000,900,121250,84250,37000
20210512,115950,0,3800,112150,74250,37900
20210511,118875,0,2925,115950,74250,41700
20210510,123200,0,4325,118875,74600,44275
20210507,126725,0,3525,123200,74600,48600
20210506,130750,0,4025,126725,74700,52025
20210505,132775,0,2025,130750,74700,56050
20210504,137400,500,5125,132775,74700,58075
20210430,143725,0,6325,137400,74200,63200
20210429,147325,1600,5200,143725,74200,69525
20210428,148975,0,1650,147325,72600,74725
20210427,154600,0,5625,148975,72600,76375
20210426,155100,0,500,154600,72600,82000
20210423,155750,25,675,155100,72625,82475
20210422,158975,0,3225,155750,72600,83150
20210421,159450,0,475,158975,77600,81375
20210420,160350,0,900,159450,82600,76850
20210419,163050,0,2700,160350,91875,68475
20210416,165375,0,2325,163050,96875,66175
20210415,169475,0,4100,165375,101875,63500
20210414,172025,0,2550,169475,98625,70850
20210413,168500,5550,2025,172025,103625,68400
20210412,165625,5500,2625,168500,99400,69100
20210409,163100,3450,925,165625,99050,66575
20210408,157075,7000,975,163100,100775,62325
20210407,150325,7875,1125,157075,99250,57825
20210406,143425,8000,1100,150325,96375,53950
20210401,143775,0,350,143425,93375,50050
20210331,144500,50,775,143775,108375,35400
20210330,142550,2500,550,144500,106825,37675
20210329,132050,10575,75,142550,104325,38225
20210326,123800,8550,300,132050,94500,37550
20210325,121675,2350,225,123800,85950,37850
20210324,121950,0,275,121675,86075,35600
20210323,122425,0,475,121950,86075,35875
20210322,113900,8925,400,122425,86025,36400
20210319,104950,9125,175,113900,77100,36800
20210318,106425,0,1475,104950,67975,36975
20210317,107275,0,850,106425,92975,13450
20210316,103900,4025,650,107275,92325,14950
20210315,92650,12125,875,103900,88300,15600
20210312,93450,0,800,92650,76175,16475
20210311,90825,4050,1425,93450,76175,17275
20210310,88025,4050,1250,90825,72125,18700
20210309,85050,4000,1025,88025,71100,16925
20210308,84250,1375,575,85050,67100,17950
20210305,79025,6000,775,84250,65925,18325
20210304,79825,50,850,79025,59925,19100
20210303,74100,6475,750,79825,59875,19950
20210302,73700,1350,950,74100,53400,20700
20210301,74200,1400,1900,73700,52100,21600
20210226,76225,0,2025,74200,55050,19150
20210225,78575,0,2350,76225,55050,21175
20210224,79700,500,1625,78575,55050,23525
20210223,73450,8025,1775,79700,54550,25150
20210222,74900,0,1450,73450,46650,26800
20210219,75700,200,1000,74900,46650,28250
20210218,76025,0,325,75700,46450,29250
20210217,76175,0,150,76025,52725,23300
20210216,73725,3000,550,76175,53525,22650
20210215,74250,0,525,73725,50525,23200
20210212,74700,0,450,74250,50525,23725
20210211,73500,2100,900,74700,50525,24175
20210210,74675,0,1175,73500,49575,23925
20210209,76050,0,1375,74675,53025,21650
20210208,74575,2725,1250,76050,54425,21625
20210205,76550,0,1975,74575,51700,22875
20210204,74500,2925,875,76550,52275,24275
20210203,75000,0,500,74500,49825,24675
20210202,74225,2500,1725,75000,49925,25075
20210201,74275,0,50,74225,49400,24825
20210129,74575,0,300,74275,49650,24625
20210128,76250,100,1775,74575,51175,23400
20210127,77175,1275,2200,76250,51075,25175
20210126,79275,0,2100,77175,53550,23625
20210125,82125,0,2850,79275,53600,25675
20210122,87725,0,5600,82125,54600,27525
20210121,91150,0,3425,87725,54600,33125
20210120,93950,0,2800,91150,54600,36550
20210119,96325,0,2375,93950,54600,39350
20210118,97675,200,1550,96325,54600,41725
20210115,99950,0,2275,97675,54400,43275
20210114,101250,0,1300,99950,57125,42825
20210113,102550,0,1300,101250,61575,39675
20210112,103750,0,1200,102550,65550,37000
20210111,104950,0,1200,103750,66900,36850
20210108,102425,3575,1050,104950,66950,38000
20210107,104325,100,2000,102425,65900,36525
20210106,105425,0,1100,104325,70275,34050
20210105,105425,1650,1650,105425,77275,28150
20210104,105800,0,375,105425,75875,29550
20201231,107950,0,2150,105800,76175,29625
20201230,110875,0,2925,107950,76175,31775
20201229,113975,0,3100,110875,76175,34700
20201224,116100,0,2125,113975,76175,37800
20201223,119375,0,3275,116100,76175,39925
20201222,119600,2000,2225,119375,76275,43100
20201221,122975,325,3700,119600,74275,45325
20201218,123400,2225,2650,122975,74300,48675
20201217,127725,500,4825,123400,72075,51325
20201216,133125,200,5600,127725,71575,56150
20201215,141900,1475,10250,133125,76375,56750
20201214,144775,100,2975,141900,79900,62000
20201211,146325,500,2050,144775,79800,64975
20201210,147825,0,1500,146325,79300,67025
20201209,149575,250,2000,147825,79300,68525
20201208,149625,0,50,149575,79650,69925
20201207,150125,100,600,149625,83050,66575
20201204,149675,1050,600,150125,87950,62175
20201203,149325,600,250,149675,91900,57775
20201202,149675,0,350,149325,91250,58075
20201201,149925,100,350,149675,101300,48375
20201130,149800,150,25,149925,101575,48350
20201127,150775,0,975,149800,102375,47425
20201126,152025,100,1350,150775,102525,48250
20201125,153175,0,1150,152025,102425,49600
20201124,154825,0,1650,153175,103025,50150
20201123,156075,0,1250,154825,105000,49825
20201120,157350,0,1275,156075,112375,43700
20201119,159475,0,2125,157350,112525,44825
20201118,160200,600,1325,159475,118475,41000
20201117,161700,0,1500,160200,123950,36250
20201116,163025,50,1375,161700,129050,32650
20201113,165200,500,2675,163025,129300,33725
20201112,166200,0,1000,165200,128900,36300
20201111,167825,100,1725,166200,128900,37300
20201110,169575,0,1750,167825,128800,39025
20201109,171125,0,1550,169575,128800,40775
20201106,172450,300,1625,171125,128800,42325
20201105,174050,0,1600,172450,128500,43950
20201104,176650,500,3100,174050,128500,45550
20201103,169400,9200,1950,176650,128150,48500
20201102,169600,1000,1200,169400,119850,49550
20201030,171300,0,1700,169600,118850,50750
20201029,172625,100,1425,171300,118950,52350
20201028,174900,100,2375,172625,118850,53775
20201027,177075,100,2275,174900,118900,56000
20201026,178725,900,2550,177075,119425,57650
20201023,180300,100,1675,178725,118525,60200
20201022,180625,1200,1525,180300,118475,61825
20201021,181650,25,1050,180625,117275,63350
20201020,183175,100,1625,181650,117775,63875
20201019,183900,400,1125,183175,118100,65075
20201016,184850,0,950,183900,117700,66200
20201015,168875,17000,1025,184850,117800,67050
20201014,169925,50,1100,168875,110800,58075
20201013,153200,17700,975,169925,121925,48000
20201012,152975,750,525,153200,101675,51525
20201009,153925,0,950,152975,113075,39900
20201008,154750,100,925,153925,124725,29200
20201007,155400,0,650,154750,124625,30125
20201006,156125,0,725,155400,124875,30525
20201005,160875,0,4750,156125,125125,31000
20201001,163125,0,1150,161975,125625,36350
20200930,165600,650,3125,163125,125625,37500
20200929,136325,30700,1425,165600,125225,40375
20200928,103125,34125,925,136325,94525,41800
20200925,73625,30525,1025,103125,60400,42725
20200924,76325,0,2700,73625,28825,44800
20200923,77275,0,950,76325,28825,47500
20200922,78300,0,1025,77275,28825,48450
20200921,78425,700,825,78300,28775,49525
20200918,78900,125,600,78425,34475,43950
20200917,78750,450,300,78900,45450,33450
20200916,78900,100,250,78750,46700,32050
20200915,78550,1050,700,78900,47000,31900
20200914,74875,5375,1700,78550,45950,32600
20200911,75550,0,675,74875,36550,38325
20200910,75975,525,950,75550,38925,36625
20200909,73425,4950,2400,75975,49900,26075
20200908,76550,225,3350,73425,48450,24975
20200907,77550,1400,2400,76550,48225,28325
20200904,82450,0,4900,77550,46825,30725
20200903,84650,525,2725,82450,44825,37625
20200902,84975,3575,3900,84650,44300,40350
20200901,88250,0,3275,84975,40725,44250
20200828,89350,175,1275,88250,40725,47525
20200827,90775,1225,2650,89350,41325,48025
20200826,92025,1000,2250,90775,46325,44450
20200825,95525,350,3850,92025,50325,41700
20200824,97900,1275,3650,95525,54525,41000
20200821,103475,275,5850,97900,53250,44650
20200820,104425,1525,2475,103475,52925,50550
20200819,106225,1225,3025,104425,51850,52575
20200818,107525,900,2200,106225,50625,55600
20200817,110000,475,2950,107525,50725,56800
20200814,113200,0,3200,110000,50250,59750
20200813,113875,1500,2175,113200,54125,59075
20200812,114575,1850,2550,113875,52625,61250
20200811,114625,1400,1450,114575,50775,63800
20200810,114375,3250,3000,114625,49375,65250
20200807,117950,150,3725,114375,46125,68250
20200806,120950,525,3525,117950,49050,68900
20200805,122450,500,2000,120950,48925,72025
20200804,125150,0,2700,122450,49475,72975
20200803,126675,2250,3775,125150,50650,74500
20200731,128125,1125,2575,126675,48400,78275
20200730,129225,2425,3525,128125,47900,80225
20200729,131900,225,2900,129225,45500,83725
20200728,134025,425,2550,131900,45275,86625
20200727,138025,1225,5225,134025,44850,89175
20200724,141725,1425,5125,138025,48600,89425
20200723,143800,1150,3225,141725,52000,89725
20200722,145050,1525,2775,143800,55950,87850
20200721,146300,1075,2325,145050,64650,80400
20200720,151075,50,4825,146300,79600,66700
20200717,157350,0,6275,151075,88300,62775
20200716,159800,2775,5225,157350,93900,63450
20200715,166450,1000,7650,159800,98850,60950
20200714,168225,3925,5700,166450,101350,65100
20200713,176350,450,8575,168225,88975,79250
20200710,181075,425,5150,176350,88525,87825
20200709,185200,0,4125,181075,88600,92475
20200708,192025,0,6825,185200,94800,90400
20200707,195825,0,3800,192025,98800,93225
20200706,197850,2700,4725,195825,103800,92025
20200703,206375,250,8775,197850,106100,91750
20200702,210700,0,4325,206375,110725,95650
20200701,213325,0,2625,210700,110725,99975
20200630,216600,0,3275,213325,110725,102600
20200629,219600,175,3175,216600,111650,104950
20200626,221675,2600,4675,219600,112850,106750
20200625,225650,1450,5425,221675,115300,106375
20200624,226050,1200,1600,225650,113850,111800
20200623,228450,0,2400,226050,116800,109250
20200622,233400,1275,6225,228450,121125,107325
20200619,236600,200,3400,233400,124850,108550
20200618,243250,0,6650,236600,127875,108725
20200617,244700,500,1950,243250,137900,105350
20200616,248475,0,3775,244700,150150,94550
20200615,247000,10250,8775,248475,150350,98125
20200612,234550,16175,3725,247000,141500,105500
20200611,231600,4000,1050,234550,125325,109225
20200610,233475,375,2250,231600,130600,101000
20200609,236575,1000,4100,233475,130225,103250
20200608,237900,925,2250,236575,143750,92825
20200605,243750,900,6750,237900,158225,79675
20200604,248275,900,5425,243750,159300,84450
20200603,252375,150,4250,248275,165175,83100
20200602,254275,400,2300,252375,185300,67075
20200601,255725,600,2050,254275,185275,69000
